<?xml version="1.0" encoding="utf-8"?>
<allexcel_roledata>
<excel_roledatas>
	<excel_roledata id="1" des="精灵弓（专职1）" is_far_hero="True" basic_potent="1" vampirism_value="0" is_full="True" attack_line="0.53" skill_ids="3-300" prefab_path="__role/hero/elf_bow" ai_path="Assets/Game/AssetDynamic/Config/AI/__role/hero/common/archer2_t0.6" max_hp="200" anim_path="Assets/Game/AssetDynamic/Animations/__role/hero/elf_bow" self_buffs="" move_speed="1.2" render_pos="{'x':0,'y':0}" emoji_pos="{'x':0,'y':2.5}" effect_pos="{'x':0,'y':0}" sky_height="0" ui_hp_offset="{'x':0,'y':116}" ui_hp_size="{'x':80,'y':10}" sky_size="{'x':0.66,'y':0.35}" body_offset="{'x':0,'y':0.94}" body_size="{'x':1.27,'y':1.89}" ground_offset="{'x':0,'y':0}" ground_size="{'x':5,'y':0.18}">
	</excel_roledata>
	<excel_roledata id="2" des="精灵斧（专职1）" is_far_hero="" basic_potent="1" vampirism_value="0" is_full="True" attack_line="0.53" skill_ids="2-201" prefab_path="__role/hero/elf_axe" ai_path="Assets/Game/AssetDynamic/Config/AI/__role/hero/common/warrior2_t0.6" max_hp="200" anim_path="Assets/Game/AssetDynamic/Animations/__role/hero/elf_axe" self_buffs="" move_speed="1.2" render_pos="{'x':0,'y':0}" emoji_pos="{'x':0,'y':2.5}" effect_pos="{'x':0,'y':0}" sky_height="0" ui_hp_offset="{'x':0,'y':116}" ui_hp_size="{'x':80,'y':10}" sky_size="{'x':0.66,'y':0.35}" body_offset="{'x':0,'y':0.94}" body_size="{'x':1.27,'y':1.89}" ground_offset="{'x':0,'y':0}" ground_size="{'x':5,'y':0.18}">
	</excel_roledata>
	<excel_roledata id="3" des="蜘蛛" is_far_hero="" basic_potent="3" vampirism_value="0" is_full="True" attack_line="0.28" skill_ids="6-618" prefab_path="__role/monster/spider_1" ai_path="Assets/Game/AssetDynamic/Config/AI/__role/hero/common/archer2_t1.2" max_hp="800" anim_path="Assets/Game/AssetDynamic/Animations/__role/monster/spider_1" self_buffs="" move_speed="2" render_pos="{'x':0,'y':0}" emoji_pos="{'x':0,'y':1.8}" effect_pos="{'x':0,'y':0}" sky_height="0" ui_hp_offset="{'x':0,'y':76}" ui_hp_size="{'x':80,'y':10}" sky_size="{'x':0.66,'y':0.35}" body_offset="{'x':0,'y':0.47}" body_size="{'x':1.46,'y':1.11}" ground_offset="{'x':0,'y':0}" ground_size="{'x':5,'y':0.18}">
	</excel_roledata>
	<excel_roledata id="4" des="飞龙" is_far_hero="" basic_potent="3" vampirism_value="0" is_full="True" attack_line="0.28" skill_ids="8-809" prefab_path="__role/monster/dragon" ai_path="Assets/Game/AssetDynamic/Config/AI/__role/hero/common/archer2_t1.2" max_hp="800" anim_path="Assets/Game/AssetDynamic/Animations/__role/monster/dragon" self_buffs="" move_speed="2" render_pos="{'x':-0.1,'y':2.77}" emoji_pos="{'x':0,'y':3.6}" effect_pos="{'x':0,'y':2.77}" sky_height="0" ui_hp_offset="{'x':0,'y':260}" ui_hp_size="{'x':80,'y':10}" sky_size="{'x':0.66,'y':0.35}" body_offset="{'x':0,'y':2.6}" body_size="{'x':1.93,'y':2.54}" ground_offset="{'x':0,'y':0}" ground_size="{'x':5,'y':0.18}">
	</excel_roledata>
</excel_roledatas>
</allexcel_roledata>
